id,firstname,lastname,age,color
1,Patrick,Erickson,28,YELLOW
2,Lenora,Byrd,43,RED
3,Arthur,Carr,40,BLUE
4,Mary,Matthews,40,PINK
5,Birdie,Miles,25,RED
6,Isabel,Crawford,21,PINK
7,Belle,Fisher,34,BLUE
8,Edgar,Medina,25,WHITE
9,Lois,Lyons,23,WHITE
10,Ernest,Zimmerman,41,YELLOW
11,Ronald,Wise,22,GRAY
12,Anthony,Wilkins,19,WHITE
13,Miguel,Gonzalez,31,RED
14,Evelyn,Lowe,23,GREEN
15,Ruby,Blair,42,GRAY
16,Curtis,Colon,61,BLUE
17,Gussie,Armstrong,41,BLACK
18,Earl,Peters,21,PURPLE
19,Cody,Holt,23,GREEN
20,Aaron,Jones,47,GRAY
21,Jerome,Richards,27,RED
22,Glen,Harrington,52,PURPLE
23,Trevor,Wilkins,54,PURPLE
24,Alan,Cortez,38,WHITE
25,Mark,Mendoza,38,PINK
26,Mike,Silva,50,PURPLE
27,Shawn,Parks,34,BROWN
28,Nancy,Fuller,62,BLUE
29,Fred,Sharp,65,WHITE
30,Ronald,Larson,64,WHITE
31,Ray,Wade,64,PINK
32,Rodney,Reid,45,BLACK
33,Essie,Summers,24,YELLOW
34,Milton,Luna,25,BROWN
35,Marguerite,Burton,40,PURPLE
36,Bertha,Sparks,56,PURPLE
37,Lilly,Andrews,40,RED
38,Jon,Martinez,39,BLUE
39,Eddie,Potter,57,WHITE
40,Edgar,Walker,64,PINK
41,Louisa,Alvarez,33,PURPLE
42,Sue,Hines,51,RED
43,Anne,Webb,25,YELLOW
44,Rachel,Powers,49,GRAY
45,Abbie,Barker,27,BLACK
46,Hettie,Beck,50,RED
47,Tom,Houston,48,BLACK
48,Mary,Fields,26,PINK
49,Alvin,Johnston,43,BLACK
50,Lois,Gill,61,WHITE
51,Grace,Glover,33,BLUE
52,Mildred,Frank,53,GREEN
53,Jason,Stephens,29,PINK
54,Allie,Allison,25,PINK
55,Josephine,Newton,24,GRAY
56,Lester,Byrd,65,WHITE
57,Danny,Allen,49,PINK
58,Lewis,Lamb,59,BLUE
59,Victor,Smith,49,GRAY
60,Nelle,Ryan,55,PINK
61,Evan,Hoffman,42,PINK
62,Shawn,Brewer,46,YELLOW
63,Julia,Alvarado,64,WHITE
64,Blanche,Pittman,54,PURPLE
65,Edith,Shaw,63,YELLOW
66,Marcus,Henry,48,BLACK
67,Lora,Young,41,GREEN
68,Evelyn,Pierce,47,GRAY
69,Katherine,Chapman,24,BLACK
70,Lora,Roberson,59,PINK
71,Jorge,Estrada,24,GREEN
72,Lora,Sharp,32,GRAY
73,Lee,Nunez,27,YELLOW
74,Brian,Fletcher,50,BLUE
75,Ricky,Ramos,48,WHITE
76,Myra,Pittman,49,WHITE
77,Miguel,Watson,21,BLUE
78,Christopher,Morgan,57,BLUE
79,Beulah,Sullivan,36,PINK
80,Jeff,Hunter,64,RED
81,Christian,Moss,50,PINK
82,Carlos,Myers,29,BLACK
83,Bobby,Reeves,29,BLUE
84,Emma,Boone,50,PURPLE
85,Marion,Nichols,21,BLUE
86,Chase,Roy,40,PURPLE
87,Alejandro,Barker,18,BLUE
88,Delia,Edwards,26,GREEN
89,Nelle,Roberts,22,RED
90,Sophia,Burton,33,BLUE
91,Sue,Rice,57,BLACK
92,Philip,Mendez,55,GREEN
93,Andre,Carter,26,WHITE
94,Larry,Chavez,62,PURPLE
95,Bobby,Hudson,39,YELLOW
96,Harriet,McCormick,48,PINK
97,Pauline,Rios,30,WHITE
98,Aiden,Black,61,BROWN
99,Robert,Gill,20,YELLOW
100,Connor,Mitchell,40,YELLOW
101,John,Hunter,43,BLACK
102,Leila,Robbins,49,BROWN
103,Christine,Rogers,65,GREEN
104,Eugene,Mendoza,29,YELLOW
105,Anthony,Chandler,47,BROWN
106,Cecelia,Warner,29,PURPLE
107,Lucille,Moran,46,YELLOW
108,Madge,Wolfe,49,RED
109,Aiden,Ramsey,35,PINK
110,Olga,Hammond,50,PINK
111,Ann,Nash,33,PINK
112,Verna,Ross,58,BROWN
113,Trevor,Colon,48,PINK
114,Alan,Glover,54,BROWN
115,Brett,Poole,32,PURPLE
116,Eleanor,Olson,47,BLACK
117,Sophia,Burton,36,WHITE
118,Amanda,Floyd,46,PURPLE
119,Lura,Larson,50,BROWN
120,Gavin,Reid,23,YELLOW
121,Fanny,Cruz,52,RED
122,Jerry,Peters,64,BLACK
123,Bruce,Sherman,18,RED
124,Joshua,Flores,27,PURPLE
125,Maria,Flores,28,BLUE
126,Terry,Allen,44,GRAY
127,Jeremiah,Hoffman,44,BLUE
128,Roy,Schneider,46,GRAY
129,Sallie,Rice,65,GRAY
130,Roy,Taylor,26,GRAY
131,Harriett,Daniels,58,YELLOW
132,Winnie,Johnson,60,GRAY
133,Aiden,Webster,22,GRAY
134,Louise,Dennis,56,YELLOW
135,Jeanette,Jimenez,39,RED
136,Donald,Walsh,47,GREEN
137,Willie,Barker,36,BROWN
138,Delia,Powers,29,BLUE
139,Jane,Tate,65,PINK
140,Larry,Stone,26,PINK
141,Daniel,Clark,20,PURPLE
142,Lelia,Garner,47,BLUE
143,Rebecca,Gray,40,BLACK
144,Ola,Jenkins,57,RED
145,Fannie,Walker,52,GREEN
146,Bradley,Davis,53,WHITE
147,Lucas,Greene,35,GREEN
148,Susan,Malone,19,BLACK
149,Ethel,Oliver,28,BLACK
150,Francis,Daniels,40,PURPLE
151,Alvin,Davis,42,BLACK
152,Larry,Rivera,35,GRAY
153,Lawrence,Patrick,47,GRAY
154,Martin,Bates,59,WHITE
155,Emily,Gregory,54,PURPLE
156,Edwin,Lamb,19,GREEN
157,Blanche,Myers,33,BROWN
158,Pauline,Daniel,51,BLUE
159,Rhoda,Fernandez,31,RED
160,Esther,Gomez,18,RED
161,Franklin,Perkins,29,GRAY
162,Mario,Dean,60,PINK
163,Tyler,McLaughlin,61,PINK
164,Alta,Richardson,57,PURPLE
165,Trevor,Martin,33,GRAY
166,Calvin,Copeland,23,RED
167,Roger,Scott,45,BLACK
168,Alex,Daniels,54,PINK
169,Ella,McDonald,34,PURPLE
170,Antonio,Richardson,37,RED
171,Lina,Copeland,49,WHITE
172,Isabella,Andrews,49,WHITE
173,Isaac,Hansen,28,RED
174,Marian,Castillo,35,BLUE
175,Hulda,Fields,34,BLUE
176,Isabella,Underwood,44,BROWN
177,Jeremiah,Swanson,42,PINK
178,Sylvia,Kelley,28,YELLOW
179,Thomas,Harvey,65,GRAY
180,Myrtle,Mendoza,59,BLUE
181,Jerome,Henry,55,BLACK
182,Laura,Gonzales,54,PINK
183,Willie,Perkins,34,YELLOW
184,Ethan,Graves,64,PINK
185,Rose,Walton,57,RED
186,Alvin,Stevens,40,GREEN
187,Jayden,Obrien,40,YELLOW
188,Calvin,Carter,49,WHITE
189,Dominic,Cortez,62,RED
190,Myrtie,Stephens,40,BROWN
191,Kyle,Maxwell,27,WHITE
192,Nina,Cole,31,BLACK
193,Randall,Payne,38,YELLOW
194,Caleb,Lyons,29,BROWN
195,Randall,Casey,25,GRAY
196,Ralph,Morales,61,BROWN
197,Russell,Daniels,56,PINK
198,Keith,Ramirez,63,YELLOW
199,Ollie,Reese,51,PINK
200,Minerva,Brock,19,PURPLE
201,Anne,Bailey,27,BLUE
202,Andrew,Rhodes,29,BLACK
203,Tony,Guzman,37,YELLOW
204,Lilly,Gibson,30,GRAY
205,Mae,Ford,44,BLUE
206,Frederick,Murray,64,PURPLE
207,Katherine,Chambers,47,BLACK
208,Mollie,Rhodes,57,BLACK
209,Eula,Pierce,38,BLUE
210,Pauline,Bishop,62,BLACK
211,Calvin,Phelps,55,YELLOW
212,Bryan,Black,48,BROWN
213,Marcus,Chandler,34,PINK
214,Alta,Willis,30,YELLOW
215,Jared,Jacobs,57,BLACK
216,Mittie,Lyons,18,GREEN
217,Cornelia,Sims,32,PINK
218,Ruby,Gomez,32,PINK
219,Theresa,Newton,38,BROWN
220,Franklin,Huff,56,GRAY
221,Hulda,Mack,53,BLUE
222,Luke,Garcia,38,WHITE
223,Willie,Ellis,31,BROWN
224,Lela,Logan,42,GREEN
225,Harriet,Jacobs,42,PURPLE
226,Rosalie,Murphy,58,PURPLE
227,Nannie,Freeman,63,PINK
228,Sara,Harper,32,RED
229,Cole,Howell,59,GRAY
230,Adele,Edwards,25,BLUE
231,Lucy,Adkins,53,PINK
232,Douglas,Curtis,33,GREEN
233,Adele,Griffith,47,YELLOW
234,Clifford,Rose,19,GRAY
235,Jon,Brown,25,GRAY
236,Justin,Harvey,33,PINK
237,Lois,Bradley,38,BLUE
238,Garrett,Silva,65,RED
239,Christian,Gomez,39,GRAY
240,Juan,Estrada,18,PURPLE
241,Luis,Miles,20,PURPLE
242,Roger,Thompson,52,BLUE
243,Gerald,Barrett,32,RED
244,Hattie,Welch,48,GREEN
245,Hallie,Neal,64,RED
246,Edna,Price,27,BLUE
247,Iva,Singleton,35,PURPLE
248,Brandon,Webb,18,YELLOW
249,Amanda,Bell,34,BROWN
250,Manuel,Hoffman,61,BROWN
251,Dollie,Burgess,60,GREEN
252,Eddie,Sanchez,49,BROWN
253,Lelia,Wade,40,RED
254,Ruth,Sharp,53,YELLOW
255,Luella,Lopez,45,PURPLE
256,Cameron,Pierce,50,GREEN
257,Jayden,Rios,42,GRAY
258,Birdie,Barton,57,PINK
259,Jessie,Love,23,BROWN
260,Steve,Peterson,28,BLACK
261,Cody,Bush,42,BLUE
262,Steven,Jimenez,44,WHITE
263,Jesse,Figueroa,60,WHITE
264,Marcus,Herrera,46,WHITE
265,Stephen,Clark,22,GREEN
266,Chad,McCarthy,30,PURPLE
267,Chad,Owens,28,BROWN
268,Gene,Roberson,24,PURPLE
269,Janie,Gibson,50,PURPLE
270,Billy,Valdez,35,GRAY
271,Ida,Castillo,59,BROWN
272,Angel,Harris,42,PURPLE
273,Jerome,Bailey,55,YELLOW
274,Shane,Watts,63,WHITE
275,Susie,Roberson,62,YELLOW
276,Stephen,Franklin,23,BROWN
277,Nannie,Hunter,62,GREEN
278,Noah,Reeves,25,YELLOW
279,Derek,Joseph,56,BROWN
280,Tom,Evans,31,BLACK
281,Henry,Hart,51,PURPLE
282,Leonard,Murray,61,PINK
283,Chris,Walsh,32,WHITE
284,Henrietta,White,35,BROWN
285,Devin,Rodgers,20,RED
286,Howard,Hughes,25,BLUE
287,Leonard,Washington,45,BROWN
288,Mitchell,Diaz,38,RED
289,Addie,Knight,32,BLACK
290,Christine,Drake,33,BROWN
291,Francis,Fletcher,48,WHITE
292,Essie,Garza,43,PINK
293,Gabriel,Richards,36,BLUE
294,Kevin,Powers,26,PINK
295,Raymond,Payne,58,YELLOW
296,Theresa,Davis,65,GREEN
297,Joshua,Klein,62,YELLOW
298,Maurice,Kim,52,YELLOW
299,Caroline,Hodges,52,BLUE
300,Jeffery,Ray,19,BROWN
301,Devin,Myers,29,WHITE
302,Sophia,Bradley,23,BROWN
303,Cecilia,Garrett,45,GREEN
304,Jared,Reese,56,BROWN
305,Adrian,Farmer,20,BROWN
306,Ida,Stanley,37,YELLOW
307,Jessie,Sparks,23,WHITE
308,Amanda,Garcia,20,WHITE
309,Mark,Wade,19,RED
310,Leona,Mann,44,GREEN
311,Rosalie,Richardson,53,GRAY
312,Kevin,Walters,20,RED
313,Theodore,Fitzgerald,46,BROWN
314,Cynthia,Green,52,PURPLE
315,Leila,Fisher,52,PURPLE
316,Lloyd,Anderson,18,WHITE
317,Hannah,Knight,50,BLACK
318,Bettie,Robertson,41,BLACK
319,Victoria,Lawrence,56,BLUE
320,Leroy,Blake,55,YELLOW
321,Grace,Steele,59,GRAY
322,Jackson,Goodwin,32,GRAY
323,Cora,McCormick,55,YELLOW
324,Andre,Jones,30,PINK
325,Stanley,Todd,57,WHITE
326,Curtis,Marshall,57,BLUE
327,Allie,Tyler,62,BLACK
328,Willie,Matthews,35,GREEN
329,Erik,Castro,43,BLUE
330,Susie,Watson,51,BLACK
331,Roxie,Christensen,40,GRAY
332,Olga,Brooks,33,PURPLE
333,Chris,Barrett,55,PURPLE
334,Winifred,Grant,20,PINK
335,Rachel,Norman,56,BLACK
336,Benjamin,Evans,48,BROWN
337,Brent,Brady,27,YELLOW
338,Elnora,Watts,47,BROWN
339,Bradley,James,56,GREEN
340,Gordon,Romero,38,BLUE
341,Gertrude,Stokes,46,PINK
342,Elnora,Ford,53,PINK
343,Ronald,Maxwell,60,PINK
344,Tony,Bass,48,YELLOW
345,Annie,Franklin,30,PINK
346,Bradley,Chambers,33,PINK
347,Cordelia,Norman,46,BLACK
348,Bradley,Kim,41,PURPLE
349,Dominic,Griffith,52,BROWN
350,Alma,Butler,34,BLACK
351,Joel,James,50,GREEN
352,Ryan,Frank,56,PINK
353,Barry,Shelton,46,WHITE
354,Gene,Bowman,21,GREEN
355,Louise,Hoffman,58,GREEN
356,Johanna,Long,36,BLACK
357,Harold,Nelson,52,PINK
358,Mayme,Aguilar,36,PINK
359,Rebecca,Sullivan,42,BROWN
360,Helena,Mathis,27,GRAY
361,Dustin,Austin,25,BLUE
362,Lily,Frank,26,GRAY
363,Lily,Schneider,29,YELLOW
364,Helena,Boyd,21,BLACK
365,Blake,Parsons,64,BLUE
366,Jason,Higgins,23,GRAY
367,Gilbert,Tyler,33,BLUE
368,Teresa,Mendoza,60,GREEN
369,Troy,Chambers,65,PINK
370,Hettie,Alexander,24,GRAY
371,Jeanette,Scott,65,PURPLE
372,Bernard,Cook,63,WHITE
373,Mabelle,Steele,32,WHITE
374,Rena,McCormick,29,WHITE
375,Hester,Hansen,47,BLACK
376,Cora,Cooper,63,WHITE
377,Minerva,May,59,GRAY
378,Justin,Byrd,49,BLACK
379,Darrell,Castro,52,BLUE
380,Hettie,Barnett,47,BLUE
381,Nina,Ball,47,GRAY
382,Harvey,Rios,44,BLUE
383,Dominic,Sandoval,58,GREEN
384,Nathan,Massey,46,PURPLE
385,Jordan,Allen,24,PINK
386,Callie,Rodriquez,49,RED
387,Manuel,Swanson,41,GRAY
388,Tom,Curtis,65,BROWN
389,Katharine,Harris,25,WHITE
390,Justin,Wallace,60,BLUE
391,Albert,Wilkerson,41,GREEN
392,Lillian,Wallace,41,WHITE
393,Samuel,Fisher,52,WHITE
394,Douglas,Gardner,49,BROWN
395,Billy,Ballard,30,YELLOW
396,Loretta,Stephens,47,GREEN
397,Amy,Turner,46,GREEN
398,Marc,Vargas,34,YELLOW
399,Edgar,Green,32,BLACK
400,Allen,Davis,43,BROWN
401,Iva,Carson,54,GREEN
402,Lilly,Davis,38,BROWN
403,Kyle,Hopkins,64,WHITE
404,Danny,Klein,49,BROWN
405,Gussie,Gibbs,40,GREEN
406,Emily,Nash,35,BLACK
407,Lina,Pittman,43,GREEN
408,Lottie,Nguyen,56,BLUE
409,Jeremy,Hunter,59,PURPLE
410,Robert,Carr,41,BLACK
411,Sara,Greene,48,YELLOW
412,Elmer,Castillo,39,BLACK
413,Edgar,Warren,61,PINK
414,Rosalie,Wong,41,GREEN
415,Terry,Robbins,33,YELLOW
416,Lida,Schneider,35,YELLOW
417,Randall,Stanley,47,RED
418,Jeremiah,Silva,26,WHITE
419,Celia,Fields,58,YELLOW
420,Corey,Houston,63,BROWN
421,Clayton,Horton,61,PINK
422,Alexander,Black,36,PINK
423,Virginia,Harris,53,PINK
424,Manuel,Lambert,48,RED
425,Alfred,Rivera,27,BLACK
426,Ada,Lawrence,28,PURPLE
427,Amy,Barnett,20,BLUE
428,Esther,Arnold,59,RED
429,Catherine,Ramirez,30,BROWN
430,Rhoda,Brown,43,RED
431,Cecelia,Cobb,40,RED
432,Jonathan,Gonzalez,62,WHITE
433,Bill,Guzman,53,YELLOW
434,Bertha,Farmer,63,BLUE
435,Henrietta,Howard,23,RED
436,Milton,Crawford,32,GREEN
437,Peter,Howard,58,WHITE
438,Loretta,Nguyen,38,YELLOW
439,Alejandro,Delgado,39,BLUE
440,Phillip,May,20,GRAY
441,Henrietta,Hines,27,PURPLE
442,Robert,Lucas,19,GREEN
443,Abbie,Copeland,56,BLACK
444,Jesus,McDaniel,41,GREEN
445,Emma,Matthews,43,WHITE
446,Georgie,Rowe,28,WHITE
447,Thomas,Stevens,34,BLUE
448,Kenneth,Barrett,49,GRAY
449,Ernest,McKenzie,41,PINK
450,Patrick,Hubbard,32,GREEN
451,David,Hardy,33,YELLOW
452,Derek,Reid,49,BLACK
453,Lora,Garcia,38,WHITE
454,Bobby,Kelly,53,GRAY
455,Derrick,Kelly,58,BLACK
456,Teresa,Watson,36,BROWN
457,Lee,Garner,31,BROWN
458,Lola,Griffin,64,BROWN
459,Tom,Thompson,32,YELLOW
460,Viola,Perez,47,BLACK
461,Nathaniel,Burton,54,RED
462,Clayton,Reed,36,GREEN
463,Eric,Bridges,28,YELLOW
464,Isabelle,Fuller,48,RED
465,Cole,Neal,19,PINK
466,Myra,Perez,32,RED
467,Carlos,Burke,54,GREEN
468,Edgar,Peterson,22,YELLOW
469,Lenora,Richards,35,BLACK
470,Allen,Reeves,65,GREEN
471,Hallie,Black,59,YELLOW
472,Timothy,Keller,61,PINK
473,Isaiah,Henderson,46,BLACK
474,Mildred,Brooks,28,BLUE
475,Nelle,Gonzales,29,GREEN
476,Richard,Hoffman,65,GRAY
477,Augusta,Moore,42,WHITE
478,Delia,Richards,40,WHITE
479,Julian,Carpenter,40,BLACK
480,Hattie,Hart,60,GREEN
481,Leona,Sanders,59,RED
482,Leo,Cole,33,PINK
483,Bessie,Rios,26,PURPLE
484,Harvey,Ortiz,20,GREEN
485,Roger,Copeland,21,BLACK
486,Bruce,Doyle,54,GRAY
487,Glen,Adams,47,RED
488,Francis,Parks,60,YELLOW
489,Amelia,Fisher,33,BROWN
490,Martha,Stephens,38,GRAY
491,Lily,Atkins,63,PURPLE
492,Garrett,Burns,39,PURPLE
493,Betty,Robinson,38,PINK
494,Dora,Henry,26,PINK
495,Wesley,Lawson,32,YELLOW
496,Michael,Hunter,30,WHITE
497,Bryan,Wallace,45,GRAY
498,Rose,Shaw,28,YELLOW
499,Leroy,Chapman,28,WHITE
500,Roger,Tyler,63,RED
501,Louis,Jefferson,40,GREEN
502,Josephine,Bass,32,BROWN
503,Tillie,Hamilton,55,PINK
504,Luke,Rodriguez,40,BROWN
505,Bertie,Hughes,37,BLUE
506,Tillie,Matthews,45,PINK
507,Victoria,Hudson,46,YELLOW
508,Samuel,Parks,34,BLACK
509,Caleb,McCormick,26,RED
510,Ann,Miles,24,PINK
511,Corey,West,35,GRAY
512,Austin,Murphy,42,PINK
513,Estella,Cummings,29,BROWN
514,Allen,Collier,61,WHITE
515,Bryan,Richardson,62,BROWN
516,Mary,Harrington,59,GREEN
517,Stella,Wilkerson,21,WHITE
518,Craig,Hansen,31,PURPLE
519,Jacob,Guzman,47,GREEN
520,Hattie,Howell,30,GRAY
521,Estella,Smith,62,BROWN
522,Katie,Powers,30,YELLOW
523,Beulah,Frank,33,BROWN
524,Gordon,Park,51,GREEN
525,Devin,Lloyd,28,BLUE
526,Henrietta,Warner,56,BLUE
527,Marguerite,Lyons,65,PINK
528,Nancy,Clayton,62,RED
529,Teresa,Nguyen,30,WHITE
530,Theodore,Banks,35,BLACK
531,Flora,Price,41,WHITE
532,Victoria,Rhodes,43,WHITE
533,Herman,Chandler,43,GRAY
534,Louise,Rios,47,WHITE
535,Bruce,Peters,18,YELLOW
536,Nicholas,Sharp,60,GRAY
537,Theodore,Murray,18,BLACK
538,Nannie,Schultz,24,PINK
539,Maggie,Richardson,25,GRAY
540,Seth,Flowers,18,BLACK
541,Janie,Sandoval,47,BLACK
542,Ina,Osborne,56,WHITE
543,Gene,Newman,37,YELLOW
544,Emma,Brock,43,BLACK
545,Harry,McCoy,18,PINK
546,Willie,Payne,52,BLACK
547,Frederick,Carlson,55,WHITE
548,Matilda,Carroll,44,PURPLE
549,Cole,Hubbard,22,BLACK
550,Leon,Greene,45,GRAY
551,Mike,Gregory,58,PURPLE
552,Fannie,Joseph,47,BROWN
553,Linnie,McCarthy,26,WHITE
554,Ann,Castillo,64,RED
555,Clifford,Price,35,GREEN
556,Alma,Francis,36,PURPLE
557,Dean,Hunter,44,WHITE
558,Chester,Cain,29,GRAY
559,Lewis,Blake,35,BLUE
560,Johanna,Newman,41,PURPLE
561,Katie,Maldonado,58,PINK
562,Rosetta,Thomas,39,RED
563,Eugenia,Weber,18,BLACK
564,Ellen,Love,64,PURPLE
565,Ethan,Steele,34,BROWN
566,Cora,Shelton,25,YELLOW
567,Charles,Padilla,29,GRAY
568,Essie,Perkins,53,RED
569,Manuel,Barrett,33,GREEN
570,Alta,Mendoza,55,RED
571,Billy,Fox,47,BLUE
572,Susan,Townsend,20,GREEN
573,Brian,Cortez,20,RED
574,Angel,Stephens,43,BLACK
575,Bertha,Ramos,45,WHITE
576,Maria,Francis,59,GRAY
577,Maggie,Fowler,58,YELLOW
578,Jesse,Lane,46,BROWN
579,Lula,Mitchell,65,BROWN
580,Frederick,Lucas,50,BLACK
581,Brian,Clayton,45,YELLOW
582,Connor,Banks,60,BROWN
583,Cora,Johnston,57,WHITE
584,Zachary,Mullins,51,BLACK
585,Chase,Atkins,63,GRAY
586,Claudia,Wilson,46,GREEN
587,Edward,Joseph,27,BLACK
588,Georgie,Cox,60,BROWN
589,Joseph,Henry,62,GREEN
590,Delia,Valdez,27,RED
591,Hattie,Meyer,57,GRAY
592,Elijah,McBride,23,GRAY
593,Hester,White,33,YELLOW
594,Hannah,Vaughn,50,GREEN
595,Connor,Graham,37,BROWN
596,Micheal,Edwards,23,WHITE
597,Amy,Dawson,43,WHITE
598,Allen,Butler,28,BLACK
599,Dylan,Cruz,64,GREEN
600,Minerva,Maldonado,64,GREEN
601,Carolyn,Harmon,62,PINK
602,Theodore,Fitzgerald,51,PURPLE
603,Bryan,Garner,64,WHITE
604,Stephen,Romero,38,PINK
605,Julian,Klein,26,BLUE
606,Patrick,Crawford,63,GRAY
607,Nellie,Edwards,18,GREEN
608,Nellie,Potter,56,BLUE
609,Lester,Rhodes,45,RED
610,Randall,Abbott,48,GREEN
611,Allie,Hughes,63,YELLOW
612,Gabriel,Pratt,41,YELLOW
613,Theresa,Summers,39,YELLOW
614,Tommy,Tyler,42,GREEN
615,Herman,Coleman,20,BLACK
616,Clifford,McKinney,65,PURPLE
617,Glen,Hanson,41,BLACK
618,Milton,Griffin,64,BROWN
619,Etta,Sanchez,33,WHITE
620,Bobby,Perry,57,PINK
621,Theresa,Wade,62,GRAY
622,Hester,Wallace,41,GREEN
623,Vincent,Higgins,34,YELLOW
624,Oscar,Lynch,42,WHITE
625,Bobby,Valdez,33,WHITE
626,Eunice,Bowen,60,BLUE
627,Allen,Sims,65,RED
628,Lena,Perry,24,RED
629,Francisco,Hoffman,41,PURPLE
630,Lettie,Howard,33,WHITE
631,Teresa,Page,27,GRAY
632,Jonathan,Wilkerson,45,BLACK
633,Todd,Clarke,19,WHITE
634,Mark,Douglas,32,GRAY
635,Jerome,Doyle,58,BLUE
636,Cordelia,Mack,24,BLUE
637,Richard,Alvarez,61,WHITE
638,Jackson,Morgan,23,PURPLE
639,Miguel,Alvarado,20,GREEN
640,Mabel,Weber,30,GREEN
641,Madge,Gonzalez,21,GREEN
642,Roger,Glover,25,RED
643,Matthew,Kelley,29,BLUE
644,Nancy,Hernandez,61,WHITE
645,Dylan,McKenzie,24,RED
646,Maude,McCarthy,28,BLUE
647,Sue,Watson,20,BLACK
648,Anthony,Hunter,37,WHITE
649,Devin,Steele,60,BLACK
650,Jared,Richardson,24,BLACK
651,Olga,Daniels,20,BLACK
652,Adam,Burgess,40,WHITE
653,Stephen,Vargas,57,PURPLE
654,Lucile,Gibson,62,PURPLE
655,Herbert,Edwards,30,RED
656,Wayne,Dennis,38,GREEN
657,Danny,Perez,18,YELLOW
658,Andrew,Gibson,42,PINK
659,Bessie,Montgomery,42,PURPLE
660,Glenn,Lewis,38,YELLOW
661,Estelle,Underwood,36,WHITE
662,Blanche,Dawson,42,BLUE
663,Patrick,Park,57,RED
664,Nathan,Wolfe,61,BROWN
665,Cordelia,Perry,45,YELLOW
666,Joseph,Turner,38,PURPLE
667,Ophelia,Guzman,40,BLUE
668,Eunice,Steele,47,PINK
669,Alexander,Stevenson,34,YELLOW
670,Peter,Martinez,21,WHITE
671,Adele,Nash,64,YELLOW
672,Thomas,Chambers,30,RED
673,Clayton,Summers,28,BLUE
674,Dora,Kelley,27,RED
675,Melvin,McCormick,28,YELLOW
676,Lenora,Holloway,20,PURPLE
677,Marcus,Walters,44,BLACK
678,Clayton,Wise,64,GREEN
679,Barbara,Henderson,63,BROWN
680,Floyd,Bailey,53,PINK
681,Jesse,Hunter,53,GREEN
682,Adele,Erickson,20,GREEN
683,Edward,Carroll,30,RED
684,Kate,Willis,23,BLACK
685,David,Lindsey,52,GREEN
686,Joe,Terry,50,GRAY
687,Dominic,Olson,22,BROWN
688,Aaron,Howell,23,YELLOW
689,Jesse,Cohen,32,RED
690,Leona,Frank,47,PINK
691,Jon,Pope,44,PINK
692,Clifford,Thomas,57,WHITE
693,Rosie,Robbins,56,PURPLE
694,Winnie,Lee,37,PURPLE
695,Marguerite,Morrison,56,GRAY
696,Virgie,Simmons,30,BLUE
697,Winifred,Wade,33,BROWN
698,Kathryn,Shelton,37,BROWN
699,Calvin,Bowers,47,BLUE
700,Phoebe,Wells,22,PURPLE
701,Brian,Welch,38,PINK
702,Lillie,Hardy,51,PURPLE
703,Ethel,Cunningham,30,GRAY
704,Edwin,Marshall,25,PINK
705,Katharine,Leonard,64,PURPLE
706,Willie,Hines,25,YELLOW
707,Luke,Reyes,56,PINK
708,Dennis,Lindsey,49,BLUE
709,Adeline,Reyes,64,WHITE
710,Edwin,Gonzales,40,PINK
711,Herbert,Moody,61,PURPLE
712,Sam,Cole,40,PURPLE
713,Ray,Holt,49,BROWN
714,Brett,Hicks,31,BLACK
715,Estella,Jensen,21,GREEN
716,Sophie,Guerrero,40,BLUE
717,Olga,Moody,48,PINK
718,Herman,Manning,52,RED
719,Lulu,Tate,34,GRAY
720,Margaret,Hughes,29,GRAY
721,Gussie,Russell,25,RED
722,Joseph,Washington,53,BLUE
723,Ricky,Gibbs,36,RED
724,Ivan,Jones,58,GRAY
725,Dale,Aguilar,30,GRAY
726,Bess,Gibson,45,RED
727,Kate,Newman,27,GREEN
728,Lelia,Ball,45,BROWN
729,Winnie,Richards,33,PURPLE
730,Callie,Ryan,56,PURPLE
731,Leila,Blake,18,BLUE
732,Elizabeth,Delgado,18,GREEN
733,Jerome,Bates,58,BROWN
734,Stella,Scott,23,RED
735,Lloyd,Gordon,64,WHITE
736,Georgia,Cortez,55,PINK
737,Marguerite,Day,43,RED
738,Franklin,Cummings,57,BLACK
739,Helen,Wilkins,26,GRAY
740,Harriett,Powell,56,WHITE
741,Tom,Richardson,47,WHITE
742,Andrew,Davidson,27,GREEN
743,Georgia,Frank,65,YELLOW
744,Eddie,Nichols,28,PINK
745,Alice,Schneider,49,GRAY
746,Harvey,Rodriquez,26,WHITE
747,Carolyn,Barrett,48,BLUE
748,Edgar,Barrett,45,GREEN
749,Marvin,Guerrero,36,RED
750,Ryan,Drake,48,PINK
751,Louis,Washington,46,WHITE
752,Cynthia,Weber,47,PINK
753,Garrett,Casey,26,PURPLE
754,Bertha,McBride,53,BLUE
755,Dean,Alvarez,65,BROWN
756,Sally,Jefferson,27,BLACK
757,Mabel,Olson,25,BROWN
758,Lina,Lynch,48,RED
759,Randall,Barton,33,PURPLE
760,Caroline,Butler,46,BLUE
761,Mayme,McDaniel,51,BLACK
762,Barbara,Cain,45,PINK
763,Alejandro,Young,38,WHITE
764,Carlos,Guerrero,35,BROWN
765,Ora,Sutton,42,BROWN
766,Pearl,Cannon,55,BROWN
767,Blanche,Adams,63,PURPLE
768,Bruce,Davis,62,PINK
769,Blake,Robinson,21,PURPLE
770,Elnora,Fields,26,BLACK
771,Albert,Todd,63,RED
772,Gilbert,Ortiz,58,YELLOW
773,Edith,Weber,47,PURPLE
774,Albert,Christensen,41,BLACK
775,Mollie,McDonald,31,BLACK
776,Alan,Bennett,54,BLUE
777,Rachel,Jackson,46,YELLOW
778,Bernice,Kim,51,BLACK
779,Bernard,Jimenez,35,YELLOW
780,Stanley,Obrien,18,BLACK
781,Harvey,Davis,59,RED
782,Martin,Hernandez,31,BROWN
783,Christine,Maxwell,48,BLACK
784,Brent,Holt,42,RED
785,Lelia,Nelson,45,PINK
786,Lora,Maldonado,20,PINK
787,Elmer,McCarthy,39,GRAY
788,Ora,Huff,18,BLACK
789,Lewis,Fisher,36,BLACK
790,Harvey,Fitzgerald,37,GREEN
791,Gussie,Hughes,37,BLACK
792,Rachel,Herrera,24,YELLOW
793,Edgar,Shelton,34,PURPLE
794,Evelyn,Tran,42,GRAY
795,Lee,Wood,26,BROWN
796,Blake,Doyle,36,WHITE
797,Michael,Clark,64,PINK
798,Leah,Bryan,24,RED
799,Ella,Wilson,62,YELLOW
800,Stella,Carlson,22,WHITE
801,Ada,Simmons,62,BLUE
802,Lou,Davis,49,PURPLE
803,Julian,Watts,52,GREEN
804,Sophie,Fuller,32,GREEN
805,Jennie,Flores,37,BLUE
806,Roger,Jenkins,45,BLACK
807,Flora,Hunt,39,GREEN
808,Jeremy,Abbott,24,PINK
809,Alex,Terry,55,BLUE
810,Lizzie,Frank,52,PINK
811,Lettie,Crawford,22,PINK
812,Olivia,McBride,57,WHITE
813,Dylan,Norris,27,BLUE
814,Douglas,Graves,36,YELLOW
815,Brett,Gonzales,44,BLUE
816,Mildred,Warren,21,GREEN
817,Bill,Rodriguez,57,RED
818,Aiden,Schmidt,41,BLUE
819,Nell,Phillips,26,BLUE
820,Sallie,Alexander,58,BLACK
821,Blanche,Fernandez,64,WHITE
822,Evan,Barrett,46,PINK
823,Dominic,Flores,22,BROWN
824,Myra,Roberts,48,GRAY
825,Travis,Nelson,29,BROWN
826,Isabelle,Dawson,48,BROWN
827,Allen,Carpenter,58,BLUE
828,Mark,Reeves,45,PURPLE
829,Margaret,Gross,22,PURPLE
830,Leah,Jacobs,56,RED
831,Lura,Mitchell,35,BLUE
832,Ida,Norton,52,GREEN
833,Ina,Ramsey,32,PINK
834,Lloyd,Cross,44,BLUE
835,Edwin,Cortez,24,GRAY
836,Duane,Douglas,62,PINK
837,Georgie,Greer,26,GREEN
838,Clifford,Hunter,33,BLUE
839,Miguel,Malone,49,YELLOW
840,Cameron,Powell,55,BLACK
841,Henry,Gonzalez,52,BLACK
842,Edna,Pierce,56,WHITE
843,Winnie,Logan,49,BROWN
844,Brandon,Murphy,45,GRAY
845,Rosa,Anderson,18,RED
846,Lida,McCarthy,45,PURPLE
847,Nathan,Griffin,64,BLACK
848,Chad,Newton,35,BROWN
849,Elnora,Elliott,36,GREEN
850,Jeffery,Cortez,23,BROWN
851,Lily,Farmer,63,GREEN
852,Lee,McLaughlin,33,GRAY
853,Zachary,Morrison,43,GREEN
854,Angel,Collins,65,BLUE
855,Peter,Poole,20,BLUE
856,Gertrude,Curry,56,GRAY
857,Christine,Hampton,29,BLACK
858,Jeffrey,Cunningham,62,GREEN
859,Tommy,Hansen,43,GRAY
860,Ricardo,Francis,31,YELLOW
861,Rena,Carr,22,PURPLE
862,Katherine,Bass,60,BLUE
863,Alan,Rios,57,BLACK
864,Lottie,Moody,45,RED
865,Corey,Lopez,33,BLACK
866,Jose,Barton,26,GRAY
867,Chad,McDaniel,43,BLUE
868,Nicholas,McKenzie,42,PINK
869,Amanda,Collier,18,YELLOW
870,Harold,Ward,52,BLACK
871,Shane,Keller,33,WHITE
872,Martha,Burke,63,BROWN
873,Cecelia,Gordon,24,GREEN
874,Rosa,Collins,30,BLACK
875,Eddie,Walters,27,WHITE
876,Jack,Ford,26,GREEN
877,Mable,Mathis,42,YELLOW
878,Gerald,Alexander,59,YELLOW
879,Ernest,Schwartz,53,RED
880,Wayne,Bryant,26,WHITE
881,Caleb,James,18,PINK
882,Alejandro,Fisher,56,YELLOW
883,Christian,Tran,61,RED
884,Luke,Bradley,34,BLUE
885,Leon,Sanchez,52,GREEN
886,Lois,Palmer,29,YELLOW
887,Raymond,Zimmerman,51,BROWN
888,Ophelia,Holt,34,WHITE
889,Elnora,Perez,38,WHITE
890,Blake,Delgado,63,WHITE
891,Ryan,Hamilton,59,YELLOW
892,Loretta,Hansen,22,WHITE
893,Ophelia,Mitchell,62,BLACK
894,Christina,Gordon,36,WHITE
895,Jacob,Diaz,60,GREEN
896,Georgia,Harrington,24,PINK
897,Elijah,Warren,57,BLUE
898,Gavin,Crawford,52,WHITE
899,Danny,Price,53,RED
900,Lee,Diaz,24,PURPLE
901,Don,Gibbs,45,BLACK
902,Teresa,Gomez,37,BLUE
903,Helena,Baker,24,PINK
904,Marcus,Weber,43,WHITE
905,Edward,Hawkins,31,GRAY
906,Rachel,McKinney,54,GRAY
907,Charles,Brooks,21,BROWN
908,Ellen,Lopez,44,BROWN
909,Olivia,Rice,18,PINK
910,Lewis,Hill,25,BROWN
911,Alfred,Chambers,24,GRAY
912,Jeffrey,Norton,38,BLUE
913,Rosa,Lawrence,53,RED
914,Marie,Hill,45,RED
915,Kyle,Parsons,48,GREEN
916,Jordan,Griffin,37,PURPLE
917,Hester,Sanchez,56,YELLOW
918,John,Johnson,20,GREEN
919,Mitchell,Barrett,33,BROWN
920,Lenora,Reese,38,GREEN
921,Blake,Hunt,31,BLUE
922,Angel,Medina,33,PURPLE
923,Alma,Holt,22,BROWN
924,Josephine,Tyler,40,BLACK
925,Olivia,Dixon,62,BROWN
926,Arthur,Montgomery,25,BLACK
927,Lena,Gregory,62,YELLOW
928,Mark,Fox,43,YELLOW
929,Theresa,Dixon,64,BLACK
930,Catherine,Marsh,46,BLACK
931,Lucinda,Goodman,47,RED
932,Violet,Austin,33,YELLOW
933,Cornelia,Farmer,39,PINK
934,Hilda,Dean,23,BLUE
935,Fanny,Bowers,62,WHITE
936,Blanche,Payne,32,BROWN
937,Beatrice,Hogan,58,GREEN
938,Scott,Adams,64,WHITE
939,Brett,Castro,42,BLACK
940,Emma,Buchanan,41,BROWN
941,Ellen,Ramsey,57,BLACK
942,Jose,May,62,GRAY
943,Noah,Barton,28,PURPLE
944,Susan,Schwartz,61,BROWN
945,Celia,Hanson,53,BLUE
946,Lela,Munoz,54,GRAY
947,Henry,Rice,19,BLUE
948,Manuel,Casey,33,PURPLE
949,Phillip,Buchanan,59,GRAY
950,Bernice,Pope,64,YELLOW
951,Margaret,Bradley,50,PINK
952,Lois,Taylor,44,BLACK
953,Amelia,Clarke,30,PINK
954,Virginia,Lamb,48,GRAY
955,Dollie,Hawkins,42,WHITE
956,Walter,Gregory,64,BROWN
957,Marc,Garner,30,WHITE
958,Mittie,Ingram,30,RED
959,Delia,Stokes,40,GREEN
960,Gertrude,Thompson,23,GREEN
961,Cornelia,Hubbard,61,RED
962,Genevieve,Morton,59,WHITE
963,Rena,Mason,46,BLACK
964,Brett,Gibson,57,YELLOW
965,Minnie,McCoy,37,BLUE
966,Jack,Carr,31,RED
967,Marie,Hampton,47,PURPLE
968,Jesse,Stanley,54,GREEN
969,Landon,Chandler,54,BLACK
970,Louise,Underwood,24,RED
971,Ray,Henderson,22,BROWN
972,Roger,Dunn,57,BLACK
973,Harvey,Delgado,36,PINK
974,Tony,Little,52,BLACK
975,Jane,Ramos,34,GREEN
976,Joel,Ward,50,BLACK
977,Dominic,Gonzalez,38,WHITE
978,Estella,McBride,44,BLUE
979,Mitchell,Cooper,40,BLACK
980,Frances,Cannon,64,PINK
981,Lina,Reese,40,RED
982,Kathryn,Thompson,46,BLUE
983,Tony,Porter,23,BLACK
984,Tillie,Buchanan,34,WHITE
985,Landon,Hernandez,21,GRAY
986,Gordon,Holloway,40,WHITE
987,Chris,Manning,26,PURPLE
988,Leah,Sullivan,39,WHITE
989,Nora,Jensen,37,BLACK
990,Ollie,Hansen,32,GREEN
991,Benjamin,Singleton,32,BLUE
992,Emilie,Powell,26,BLUE
993,Peter,Craig,32,BLACK
994,Curtis,Blake,61,GRAY
995,Shane,Wood,29,GRAY
996,Bernice,Sandoval,32,GREEN
997,Catherine,Sims,37,YELLOW
998,Olivia,Schwartz,33,BROWN
999,Jason,Schultz,45,YELLOW
1000,Paul,Perkins,46,BROWN
